id,original_rank,new_rank,protected,sex,age35,score,DurationMonth,CreditAmount
0,1,1,2,1,0,0.600715353,0.029411765,0.949433256
3,4,2,2,1,0,0.5994821,0.558823529,0.580059426
1,2,3,3,0,1,0.496130655,0.647058824,0.686310113
2,3,4,2,1,0,0.506866366,0.117647059,0.898426323
7,8,5,2,1,0,0.476348482,0.470588235,0.631451524
4,5,6,2,1,0,0.550060466,0.294117647,0.74579069
9,10,7,1,1,1,0.368951631,0.382352941,0.725762078
16,17,8,2,1,0,0.637115574,0.294117647,0.880378563
5,6,9,2,1,0,0.501290835,0.470588235,0.515516672
28,29,10,1,1,1,0.389145691,0.044117647,0.880873776
10,11,11,3,0,1,0.321267721,0.117647059,0.942500275
6,7,12,2,1,0,0.617404307,0.294117647,0.857763838
30,31,13,2,1,0,0.424380404,0.205882353,0.908495653
23,24,14,2,1,0,0.455591992,0.117647059,0.914493232
8,9,15,2,1,0,0.543519801,0.117647059,0.845438539
17,18,16,1,1,1,0.518193712,0.382352941,0.56960493
11,12,17,3,0,1,0.528453856,0.647058824,0.776713987
32,33,18,1,1,1,0.461433081,0.205882353,0.690987124
27,28,19,4,0,0,0.516384179,0.117647059,0.991251238
12,13,20,3,0,1,0.4270104,0.117647059,0.92753384
34,35,21,3,0,1,0.311683367,0.117647059,0.93265104
18,19,22,4,0,0,0.416880175,0.294117647,0.321613294
55,56,23,1,1,1,0.441876122,0.029411765,0.970672389
42,43,24,2,1,0,0.481228803,0.205882353,0.672389127
13,14,25,2,1,0,0.626400036,0.294117647,0.947782546
14,15,26,3,0,1,0.545424327,0.161764706,0.93655772
50,51,27,1,1,1,0.335721556,0.294117647,0.885385716
59,60,28,3,0,1,0.468204981,0.470588235,0.671013536
15,16,29,3,0,1,0.392992229,0.294117647,0.943215583
51,52,30,1,1,1,0.632330247,0.338235294,0.685539782
20,21,31,2,1,0,0.552532993,0.073529412,0.896335424
60,61,32,1,1,1,0.389596418,0.073529412,0.937218004
52,53,33,1,1,1,0.414628797,0.117647059,0.944316056
21,22,34,2,1,0,0.461554118,0.029411765,0.868108287
19,20,35,1,1,1,0.51829006,0.294117647,0.825024761
61,62,36,2,1,0,0.621571954,0.161764706,0.929184549
24,25,37,1,1,1,0.431903366,0.088235294,0.899911962
88,89,38,1,1,1,0.506212103,0.205882353,0.890007703
70,71,39,3,0,1,0.471969623,0.470588235,0.566248487
25,26,40,2,1,0,0.435826078,0.029411765,0.938153406
77,78,41,2,1,0,0.546513961,0.102941176,0.751238032
22,23,42,2,1,0,0.484406174,0.088235294,0.890447893
127,128,43,1,1,1,0.389998671,0.117647059,0.978595796
29,30,44,2,1,0,0.72145307,0.823529412,0.637614174
78,79,45,2,1,0,0.453614904,0.735294118,0.494552658
31,32,46,1,1,1,0.45023475,0.294117647,0.792560801
144,145,47,3,0,1,0.444253355,0.25,0.887861781
90,91,48,2,1,0,0.576260158,0.117647059,0.979751293
33,34,49,2,1,0,0.546391268,0.117647059,0.944206009
101,102,50,1,1,1,0.577957988,0.470588235,0.885935952
35,36,51,1,1,1,0.41498694,0.602941176,0.752613624
150,151,52,2,1,0,0.614407287,0.029411765,0.939694068
26,27,53,2,1,0,0.538553972,0.029411765,0.990315836
102,103,54,3,0,1,0.401591125,0.029411765,0.962473864
37,38,55,2,1,0,0.391458341,0.205882353,0.898206229
104,105,56,1,1,1,0.480037853,0.117647059,0.879223066
153,154,57,3,0,1,0.598015505,0.294117647,0.586882359
38,39,58,2,1,0,0.44054336,0.088235294,0.946351931
105,106,59,2,1,0,0.48545757,0.294117647,0.35688346
39,40,60,1,1,1,0.430155254,0.073529412,0.988555079
156,157,61,2,1,0,0.638712841,0.073529412,0.942885441
36,37,62,1,1,1,0.572022358,0.647058824,0.677561351
107,108,63,1,1,1,0.442846977,0.117647059,0.679322109
40,41,64,1,1,1,0.538183936,0.382352941,0.885385716
161,162,65,3,0,1,0.355644336,0.205882353,0.955705954
115,116,66,2,1,0,0.504919085,0.647058824,0.816881259
41,42,67,1,1,1,0.369181812,0.117647059,0.950038517
43,44,68,1,1,1,0.66152139,0.382352941,0.67332453
116,117,69,3,0,1,0.52145855,0.558823529,0.619016177
166,167,70,3,0,1,0.308354699,0.205882353,0.951524155
44,45,71,4,0,0,0.64145198,0.647058824,0.675745571
121,122,72,4,0,0,0.552565962,0.294117647,0.800924397
54,55,73,2,1,0,0.671984466,0.470588235,0.891328271
45,46,74,4,0,0,0.495823094,0.102941176,0.937107956
136,137,75,1,1,1,0.457935955,0.338235294,0.53983713
167,168,76,3,0,1,0.284637168,0.102941176,0.926983603
46,47,77,2,1,0,0.624715303,0.470588235,0.88725652
145,146,78,1,1,1,0.505041929,0.647058824,0.817541543
47,48,79,3,0,1,0.319772222,0.029411765,0.939363926
171,172,80,3,0,1,0.34221766,0.117647059,0.971772862
154,155,81,2,1,0,0.520841623,0.294117647,0.630406075
48,49,82,2,1,0,0.529113689,0.102941176,0.616044899
57,58,83,3,0,1,0.472803935,0.470588235,0.487399582
169,170,84,1,1,1,0.642121447,0.294117647,0.907285133
198,199,85,2,1,0,0.587164327,0.294117647,0.861890613
49,50,86,3,0,1,0.37531887,0.117647059,0.899691868
180,181,87,1,1,1,0.410727009,0.470588235,0.48706944
53,54,88,1,1,1,0.393879382,0.205882353,0.827885991
205,206,89,2,1,0,0.670373801,0.382352941,0.429239573
185,186,90,1,1,1,0.437337385,0.161764706,0.938923737
56,57,91,2,1,0,0.276063865,0.117647059,0.657862881
192,193,92,2,1,0,0.397502061,0.338235294,0.798338285
58,59,93,3,0,1,0.5401681,0.205882353,0.905854517
206,207,94,2,1,0,0.655801338,0.117647059,0.907285133
63,64,95,1,1,1,0.409423603,0.647058824,0.220259712
195,196,96,3,0,1,0.644284306,0.073529412,0.931165401
62,63,97,2,1,0,0.651513105,0.470588235,0.906294707
200,201,98,2,1,0,0.518285243,0.073529412,0.962253769
208,209,99,1,1,1,0.400895162,0.294117647,0.652360515
65,66,100,2,1,0,0.710031333,0.338235294,0.728183119
203,204,101,1,1,1,0.526841234,0.117647059,0.964124574
66,67,102,3,0,1,0.389819524,0.117647059,0.894299549
215,216,103,4,0,0,0.579885698,0.029411765,0.962473864
64,65,104,3,0,1,0.443319684,0.294117647,0.838725652
207,208,105,1,1,1,0.474985913,0.117647059,0.935402223
67,68,106,1,1,1,0.339719842,0.117647059,0.958347089
220,221,107,1,1,1,0.273862918,0.117647059,0.979366127
221,222,108,3,0,1,0.477278992,0.117647059,0.947727523
68,69,109,2,1,0,0.536605788,0.470588235,0.913667877
69,70,110,3,0,1,0.530719536,0.470588235,0.882029273
226,227,111,1,1,1,0.568874493,0.647058824,0.410641576
222,223,112,1,1,1,0.435814185,0.117647059,0.974854187
71,72,113,2,1,0,0.491666287,0.044117647,0.973588643
228,229,114,1,1,1,0.419713555,0.073529412,0.932430945
75,76,115,2,1,0,0.636732441,0.117647059,0.92978981
72,73,116,2,1,0,0.66050206,0.058823529,0.949708375
230,231,117,1,1,1,0.419105961,0.470588235,0.782106306
227,228,118,2,1,0,0.525328723,0.117647059,0.580994828
73,74,119,4,0,0,0.502939889,0.558823529,0.686145042
231,232,120,2,1,0,0.587474297,0.073529412,0.875811599
232,233,121,2,1,0,0.405630509,0.117647059,0.895950259
74,75,122,2,1,0,0.651267418,0.470588235,0.904974139
229,230,123,1,1,1,0.304112383,0.294117647,0.840486409
76,77,124,1,1,1,0.438029885,0.558823529,0.795587102
81,82,125,2,1,0,0.531865474,0.161764706,0.947012215
238,239,126,4,0,0,0.429835801,0.117647059,0.94272037
243,244,127,3,0,1,0.46192867,0.117647059,0.948552878
82,83,128,3,0,1,0.497679597,0.205882353,0.927478816
241,242,129,2,1,0,0.441315648,0.029411765,0.925993177
83,84,130,4,0,0,0.574196658,0.294117647,0.917189391
247,248,131,2,1,0,0.321287292,0.029411765,0.947507428
244,245,132,4,0,0,0.384509101,0.117647059,0.824089358
84,85,133,2,1,0,0.561168019,0.088235294,0.886376142
249,250,134,3,0,1,0.439531105,0.205882353,0.98993067
79,80,135,1,1,1,0.375551911,0.382352941,0.802905249
86,87,136,3,0,1,0.353187466,0.205882353,0.942500275
248,249,137,1,1,1,0.471681181,0.294117647,0.907835369
252,253,138,3,0,1,0.42377823,0.382352941,0.895455046
87,88,139,2,1,0,0.519141535,0.470588235,0.319797513
253,254,140,2,1,0,0.541916964,0.294117647,0.785352702
251,252,141,4,0,0,0.443264133,0.117647059,0.889897656
91,92,142,2,1,0,0.521651095,0.117647059,0.936227578
254,255,143,1,1,1,0.429566629,0.073529412,0.902057885
92,93,144,3,0,1,0.504660301,0.117647059,0.969902058
80,81,145,4,0,0,0.4150452,0.294117647,0.686750303
259,260,146,4,0,0,0.4517581,0.102941176,0.950258611
255,256,147,1,1,1,0.475185082,0.823529412,0.605590404
93,94,148,1,1,1,0.624902881,0.294117647,0.814735336
256,257,149,2,1,0,0.425151639,0.294117647,0.866072411
94,95,150,2,1,0,0.569094286,0.117647059,0.941234731
260,261,151,1,1,1,0.441592949,0.117647059,0.92258171
262,263,152,2,1,0,0.72302068,0.205882353,0.722020469
95,96,153,2,1,0,0.425742221,0.735294118,0.136403654
264,265,154,1,1,1,0.618776512,0.088235294,0.946021789
85,86,155,3,0,1,0.451852942,0.117647059,0.936062507
263,264,156,4,0,0,0.686238379,0.117647059,0.862550897
97,98,157,1,1,1,0.479137903,0.205882353,0.869483878
98,99,158,2,1,0,0.624326299,0.470588235,0.885165621
265,266,159,2,1,0,0.536072864,0.161764706,0.96962694
272,273,160,2,1,0,0.393717548,0.647058824,0.344172994
99,100,161,2,1,0,0.586495764,0.235294118,0.625453945
267,268,162,4,0,0,0.413678566,0.294117647,0.929404644
276,277,163,3,0,1,0.496873437,0.205882353,0.881479036
100,101,164,2,1,0,0.577124429,0.294117647,0.932926158
268,269,165,2,1,0,0.612430199,0.147058824,0.519753494
89,90,166,1,1,1,0.52473242,0.117647059,0.9527897
103,104,167,2,1,0,0.461710683,0.073529412,0.908165511
269,270,168,1,1,1,0.558679986,0.294117647,0.958787279
277,278,169,2,1,0,0.608427246,0.117647059,0.944316056
106,107,170,2,1,0,0.664675126,0.205882353,0.658413118
270,271,171,1,1,1,0.478728425,0.205882353,0.867282932
109,110,172,2,1,0,0.573624442,0.147058824,0.936172554
278,279,173,3,0,1,0.472456481,0.029411765,0.760041818
271,272,174,4,0,0,0.552730506,0.117647059,0.936612743
110,111,175,1,1,1,0.597849004,0.029411765,0.934026631
96,97,176,4,0,0,0.422454952,0.117647059,0.903048311
279,280,177,1,1,1,0.526190434,0.294117647,0.909155937
111,112,178,3,0,1,0.447246762,0.161764706,0.99218664
281,282,179,2,1,0,0.380427113,0.117647059,0.927148674
283,284,180,2,1,0,0.575234355,0.161764706,0.930119952
112,113,181,1,1,1,0.449647781,0.205882353,0.669307802
282,283,182,2,1,0,0.514442619,0.205882353,0.934246726
285,286,183,4,0,0,0.359282823,0.632352941,0.423792231
113,114,184,3,0,1,0.42830387,0.470588235,0.581545064
295,296,185,3,0,1,0.439586806,0.647058824,0.46572026
108,109,186,3,0,1,0.396843885,0.294117647,0.588918235
114,115,187,2,1,0,0.456861375,0.117647059,0.921316166
299,300,188,1,1,1,0.517094444,0.25,0.862715968
296,297,189,3,0,1,0.488217184,0.117647059,0.756520304
117,118,190,3,0,1,0.477770065,0.088235294,0.896445472
297,298,191,2,1,0,0.447660606,0.088235294,0.942940464
118,119,192,3,0,1,0.642729342,0.426470588,0.778199626
300,301,193,4,0,0,0.41975661,0.029411765,0.976780015
303,304,194,2,1,0,0.519977051,0.088235294,0.956641356
119,120,195,2,1,0,0.519606262,0.117647059,0.883569935
135,136,196,4,0,0,0.523381141,0.117647059,0.945526576
304,305,197,2,1,0,0.45338111,0.647058824,0.456531308
309,310,198,1,1,1,0.455274195,0.073529412,0.998569385
120,121,199,3,0,1,0.479898449,0.25,0.912787499
305,306,200,1,1,1,0.36432859,0.029411765,0.928854407
122,123,201,1,1,1,0.386193081,0.117647059,0.916474084
311,312,202,1,1,1,0.326444311,0.294117647,0.710520524
307,308,203,1,1,1,0.365842004,0.117647059,0.973753714
123,124,204,2,1,0,0.615631206,0.088235294,0.970782436
308,309,205,3,0,1,0.496964064,0.058823529,0.945691647
124,125,206,3,0,1,0.393260046,0.205882353,0.907890393
316,317,207,2,1,0,0.474563638,0.117647059,0.974799164
146,147,208,4,0,0,0.696901829,0.029411765,0.966435567
312,313,209,3,0,1,0.499520594,0.294117647,0.807472213
125,126,210,1,1,1,0.421339124,0.117647059,0.897050732
313,314,211,1,1,1,0.521310716,0.117647059,0.976064708
320,321,212,1,1,1,0.379035037,0.382352941,0.779960383
126,127,213,2,1,0,0.366108165,0.117647059,0.975184329
321,322,214,1,1,1,0.409532597,0.294117647,0.907120062
128,129,215,1,1,1,0.354243529,0.117647059,0.911411907
327,328,216,3,0,1,0.506783717,0.294117647,0.929844833
129,130,217,3,0,1,0.438240345,0.117647059,0.821228128
322,323,218,1,1,1,0.48485359,0.294117647,0.853637064
152,153,219,1,1,1,0.355826193,0.470588235,0.69197755
332,333,220,3,0,1,0.428775824,0.823529412,0.60614064
325,326,221,2,1,0,0.606624939,0.058823529,0.826785518
130,131,222,3,0,1,0.547689104,0.647058824,0.546770111
131,132,223,1,1,1,0.438213247,0.470588235,0.634807967
326,327,224,2,1,0,0.585217499,0.117647059,0.694563662
339,340,225,1,1,1,0.352241902,0.088235294,0.930064928
132,133,226,1,1,1,0.462297653,0.161764706,0.864751843
328,329,227,1,1,1,0.509436896,0.470588235,0.767635083
162,163,228,2,1,0,0.531363863,0.161764706,0.944316056
133,134,229,2,1,0,0.532180712,0.205882353,0.904588973
329,330,230,1,1,1,0.555237658,0.029411765,0.954990646
341,342,231,3,0,1,0.593623398,0.25,0.815725762
134,135,232,3,0,1,0.625573703,0.823529412,0.455595906
330,331,233,2,1,0,0.493437281,0.294117647,0.649774403
137,138,234,2,1,0,0.411954391,0.117647059,0.971607791
349,350,235,1,1,1,0.562749479,0.073529412,0.951249037
333,334,236,3,0,1,0.554683507,0.647058824,0.376031694
138,139,237,2,1,0,0.516356479,0.161764706,0.86365137
184,185,238,2,1,0,0.589952996,0.205882353,0.965114999
334,335,239,1,1,1,0.650863811,0.294117647,0.787608672
350,351,240,3,0,1,0.515214155,0.073529412,0.945746671
139,140,241,4,0,0,0.416044056,0.117647059,0.91025641
337,338,242,3,0,1,0.391695898,0.161764706,0.943600748
140,141,243,1,1,1,0.341858463,0.029411765,0.97474414
359,360,244,3,0,1,0.560692452,0.382352941,0.881368989
340,341,245,3,0,1,0.525619724,0.294117647,0.697755035
141,142,246,3,0,1,0.343349898,0.470588235,0.749917465
344,345,247,2,1,0,0.327386563,0.088235294,0.796467481
142,143,248,1,1,1,0.45687387,0.338235294,0.825795092
360,361,249,2,1,0,0.493295619,0.205882353,0.9455816
188,189,250,1,1,1,0.389640377,0.117647059,0.976669968
347,348,251,3,0,1,0.437412958,0.294117647,0.806977
143,144,252,1,1,1,0.449768065,0.205882353,0.878287664
348,349,253,1,1,1,0.478560268,0.029411765,0.917849675
371,372,254,1,1,1,0.614383501,0.205882353,0.679762298
147,148,255,4,0,0,0.529093365,0.117647059,0.976229779
352,353,256,2,1,0,0.465172131,0.205882353,0.836084516
148,149,257,1,1,1,0.48474023,0.470588235,0.718223836
191,192,258,1,1,1,0.571963496,0.647058824,0.802244965
376,377,259,1,1,1,0.451221713,0.205882353,0.886101023
357,358,260,1,1,1,0.486283452,0.470588235,0.76818532
149,150,261,2,1,0,0.629319226,0.205882353,0.926708485
378,379,262,2,1,0,0.431909839,0.470588235,0.225927149
361,362,263,2,1,0,0.586550863,0.117647059,0.826730494
151,152,264,2,1,0,0.557418732,0.088235294,0.907890393
155,156,265,3,0,1,0.538455065,0.117647059,0.943215583
362,363,266,4,0,0,0.482064771,0.117647059,0.890117751
383,384,267,1,1,1,0.289901676,0.117647059,0.940574447
157,158,268,2,1,0,0.416325573,0.117647059,0.995102894
364,365,269,1,1,1,0.201593443,0.205882353,0.877682403
193,194,270,1,1,1,0.46707184,0.029411765,0.897766039
158,159,271,2,1,0,0.594970009,0.294117647,0.820512821
368,369,272,2,1,0,0.519950254,0.470588235,0.824144382
385,386,273,3,0,1,0.452061144,0.205882353,0.890612964
159,160,274,1,1,1,0.476973539,0.029411765,0.909321008
370,371,275,2,1,0,0.523707219,0.470588235,0.844338065
398,399,276,2,1,0,0.570066798,0.117647059,0.946461979
160,161,277,2,1,0,0.61702554,0.294117647,0.855727963
379,380,278,4,0,0,0.49269751,0.029411765,0.99383735
163,164,279,2,1,0,0.401527746,0.088235294,0.611643006
196,197,280,3,0,1,0.458999997,0.029411765,0.937713217
380,381,281,2,1,0,0.535318641,0.235294118,0.892043579
403,404,282,1,1,1,0.417057816,0.147058824,0.96962694
164,165,283,2,1,0,0.638944678,0.470588235,0.963739408
381,382,284,4,0,0,0.334384729,0.205882353,0.299768901
165,166,285,1,1,1,0.442661808,0.029411765,0.849895455
412,413,286,2,1,0,0.349821162,0.117647059,0.887641686
382,383,287,3,0,1,0.550300733,0.264705882,0.943160559
168,169,288,3,0,1,0.590261008,0.294117647,0.795201937
212,213,289,2,1,0,0.491922662,0.338235294,0.722515682
389,390,290,3,0,1,0.497529806,0.073529412,0.934026631
170,171,291,1,1,1,0.581069422,0.161764706,0.961483438
416,417,292,1,1,1,0.253859898,0.117647059,0.871849895
390,391,293,1,1,1,0.479596007,0.205882353,0.913612854
172,173,294,3,0,1,0.36948305,0.294117647,0.90018708
391,392,295,3,0,1,0.502756226,0.117647059,0.959667657
425,426,296,1,1,1,0.524042329,0.205882353,0.860845163
173,174,297,1,1,1,0.371121114,0.058823529,0.93595246
400,401,298,2,1,0,0.475396295,0.205882353,0.932706064
174,175,299,1,1,1,0.401718786,0.25,0.825905139
224,225,300,1,1,1,0.388082252,0.161764706,0.75751073
426,427,301,1,1,1,0.55177064,0.352941176,0.862826015
410,411,302,3,0,1,0.595282237,0.294117647,0.905524375
175,176,303,4,0,0,0.252884979,0.382352941,0.601903819
413,414,304,2,1,0,0.382471645,0.088235294,0.92588313
176,177,305,2,1,0,0.385663318,0.117647059,0.871959943
427,428,306,2,1,0,0.494216946,0.205882353,0.95053373
414,415,307,4,0,0,0.415234584,0.294117647,0.93776824
177,178,308,2,1,0,0.609222267,0.029411765,0.995157918
431,432,309,1,1,1,0.491702116,0.294117647,0.390447893
178,179,310,1,1,1,0.492724005,0.117647059,0.90574447
417,418,311,3,0,1,0.465773552,0.205882353,0.54765049
237,238,312,2,1,0,0.509117293,0.25,0.861505447
179,180,313,2,1,0,0.647876727,0.25,0.982337405
419,420,314,3,0,1,0.402289044,0.205882353,0.956421261
438,439,315,2,1,0,0.443875189,0.558823529,0.827005612
181,182,316,1,1,1,0.548380852,0.470588235,0.768625509
421,422,317,1,1,1,0.375779533,0.117647059,0.902167932
444,445,318,3,0,1,0.574650698,0.647058824,0.733355343
182,183,319,2,1,0,0.427559432,0.25,0.923131947
440,441,320,2,1,0,0.586555981,0.117647059,0.910091339
239,240,321,2,1,0,0.652528221,0.382352941,0.874986244
183,184,322,2,1,0,0.483730083,0.294117647,0.805931551
443,444,323,2,1,0,0.551970412,0.117647059,0.974193903
445,446,324,4,0,0,0.584899701,0.073529412,0.945306482
186,187,325,4,0,0,0.607144615,0.073529412,0.731539562
447,448,326,2,1,0,0.418505292,0.044117647,0.872014966
187,188,327,2,1,0,0.457471076,0.176470588,0.949103114
452,453,328,1,1,1,0.662869959,0.117647059,0.861945637
448,449,329,4,0,0,0.622272735,0.117647059,0.935402223
189,190,330,3,0,1,0.612305398,0.205882353,0.835259161
242,243,331,1,1,1,0.711459991,0.647058824,0.76037196
449,450,332,2,1,0,0.513300747,0.161764706,0.930560141
190,191,333,2,1,0,0.607180144,0.294117647,0.761142291
455,456,334,3,0,1,0.332179568,0.294117647,0.866347529
450,451,335,1,1,1,0.372300021,0.470588235,0.405524375
194,195,336,1,1,1,0.548822396,0.602941176,0.846979201
459,460,337,1,1,1,0.350423486,0.205882353,0.76097722
453,454,338,2,1,0,0.611341468,0.294117647,0.866842742
197,198,339,3,0,1,0.572851251,0.117647059,0.961428414
454,455,340,1,1,1,0.535099149,0.294117647,0.748706944
199,200,341,2,1,0,0.531758437,0.205882353,0.777319247
284,285,342,2,1,0,0.343161267,0.294117647,0.800374161
460,461,343,2,1,0,0.518169023,0.470588235,0.814570265
456,457,344,2,1,0,0.462355913,0.102941176,0.798888522
201,202,345,1,1,1,0.407839133,0.117647059,0.94948828
457,458,346,2,1,0,0.578932005,0.117647059,0.827445802
202,203,347,1,1,1,0.602251499,0.338235294,0.732199846
463,464,348,2,1,0,0.62137956,0.117647059,0.972268075
461,462,349,2,1,0,0.449145718,0.161764706,0.919060196
204,205,350,2,1,0,0.451003275,0.117647059,0.931495543
287,288,351,1,1,1,0.502689987,0.647058824,0.596566524
465,466,352,2,1,0,0.523469962,0.294117647,0.852866733
464,465,353,1,1,1,0.439505513,0.205882353,0.906459778
209,210,354,2,1,0,0.459594643,0.117647059,0.936007483
210,211,355,1,1,1,0.496398622,0.073529412,0.844613184
472,473,356,1,1,1,0.404892996,0.073529412,0.977770441
470,471,357,1,1,1,0.382215269,0.294117647,0.843622758
211,212,358,4,0,0,0.647751023,0.470588235,0.802740178
474,475,359,1,1,1,0.400210942,0.205882353,0.945251458
475,476,360,3,0,1,0.520612947,0.205882353,0.842412237
213,214,361,2,1,0,0.6355579,0.382352941,0.908770771
473,474,362,2,1,0,0.390706677,0.029411765,0.945636624
289,290,363,2,1,0,0.465400806,0.294117647,0.957411687
214,215,364,2,1,0,0.521014898,0.470588235,0.829866843
477,478,365,1,1,1,0.423142635,0.294117647,0.730274018
478,479,366,2,1,0,0.533211182,0.117647059,0.956696379
216,217,367,1,1,1,0.412188185,0.205882353,0.842962474
480,481,368,3,0,1,0.383219244,0.117647059,0.817156377
484,485,369,2,1,0,0.477657759,0.117647059,0.949763398
217,218,370,1,1,1,0.484161842,0.470588235,0.798448333
479,480,371,2,1,0,0.622175935,0.161764706,0.932430945
218,219,372,1,1,1,0.437205659,0.294117647,0.847529438
306,307,373,3,0,1,0.574832253,0.382352941,0.749037086
486,487,374,2,1,0,0.520079722,0.117647059,0.844448113
219,220,375,4,0,0,0.532143678,0.088235294,0.938703643
481,482,376,1,1,1,0.324053981,0.294117647,0.947672499
490,491,377,1,1,1,0.578292195,0.117647059,0.907340156
223,224,378,1,1,1,0.538421042,0.294117647,0.849895455
492,493,379,3,0,1,0.460484356,0.029411765,0.945691647
482,483,380,4,0,0,0.641267564,0.382352941,0.814460218
225,226,381,1,1,1,0.481966014,0.470588235,0.869979091
310,311,382,2,1,0,0.424446342,0.647058824,0.7176736
495,496,383,1,1,1,0.553740653,0.294117647,0.848905029
233,234,384,1,1,1,0.380834935,0.205882353,0.966105425
485,486,385,2,1,0,0.391003549,0.029411765,0.94723231
496,497,386,1,1,1,0.299955424,0.470588235,0.516672169
234,235,387,2,1,0,0.490629343,0.0,0.928799384
500,501,388,3,0,1,0.304378544,0.294117647,0.841917024
235,236,389,1,1,1,0.340942406,0.294117647,0.913447783
506,507,390,2,1,0,0.442604301,0.161764706,0.883900077
511,512,391,1,1,1,0.499504486,0.470588235,0.755915043
236,237,392,1,1,1,0.184613638,0.029411765,0.212886541
354,355,393,2,1,0,0.569672374,0.088235294,0.973753714
512,513,394,1,1,1,0.578791698,0.161764706,0.86590734
508,509,395,1,1,1,0.414907001,0.294117647,0.936007483
240,241,396,3,0,1,0.513028263,0.294117647,0.963409266
514,515,397,2,1,0,0.313264225,0.294117647,0.889677561
245,246,398,1,1,1,0.41649373,0.294117647,0.944536151
515,516,399,4,0,0,0.513424795,0.029411765,0.980246506
509,510,400,2,1,0,0.498775554,0.514705882,0.541212721
246,247,401,2,1,0,0.668269955,0.117647059,0.974303951
519,520,402,2,1,0,0.605516487,0.029411765,0.975239353
250,251,403,4,0,0,0.567104854,0.029411765,0.977110157
510,511,404,1,1,1,0.435281863,0.117647059,0.971992957
367,368,405,3,0,1,0.515125936,0.205882353,0.812919555
520,521,406,2,1,0,0.636562778,0.294117647,0.710740618
257,258,407,1,1,1,0.328029233,0.117647059,0.895510069
525,526,408,1,1,1,0.46182329,0.323529412,0.575437438
513,514,409,1,1,1,0.53008635,0.117647059,0.981567074
258,259,410,3,0,1,0.505259615,0.161764706,0.804005722
528,529,411,1,1,1,0.531661337,0.470588235,0.887091449
261,262,412,4,0,0,0.59900849,0.294117647,0.925552988
373,374,413,2,1,0,0.658365245,0.823529412,0.256850446
529,530,414,2,1,0,0.427610918,0.029411765,0.977330252
530,531,415,1,1,1,0.516454333,0.470588235,0.888687135
266,267,416,2,1,0,0.630227906,0.470588235,0.666886761
538,539,417,2,1,0,0.624868105,0.647058824,0.586607241
531,532,418,3,0,1,0.579364968,0.161764706,0.868988665
273,274,419,1,1,1,0.649756714,0.647058824,0.845383515
274,275,420,1,1,1,0.299708834,0.382352941,0.35358204
532,533,421,2,1,0,0.474177193,0.117647059,0.931055354
540,541,422,1,1,1,0.380836591,0.117647059,0.92934962
275,276,423,1,1,1,0.453746328,0.073529412,0.865357104
534,535,424,1,1,1,0.397586065,0.294117647,0.84290745
388,389,425,1,1,1,0.535975613,0.161764706,0.885770881
280,281,426,1,1,1,0.633835833,0.161764706,0.828436228
539,540,427,4,0,0,0.358487652,0.205882353,0.845988775
541,542,428,2,1,0,0.641128462,0.294117647,0.901947838
286,287,429,1,1,1,0.539043991,0.647058824,0.75030263
542,543,430,1,1,1,0.56682951,0.382352941,0.664355673
288,289,431,4,0,0,0.524896212,0.117647059,0.953670078
549,550,432,2,1,0,0.51288344,0.647058824,0.526356333
543,544,433,1,1,1,0.375885365,0.205882353,0.856168152
290,291,434,1,1,1,0.447540623,0.117647059,0.954550457
394,395,435,1,1,1,0.402461718,0.073529412,0.881368989
544,545,436,2,1,0,0.592995029,0.117647059,0.944701222
552,553,437,1,1,1,0.562921701,0.647058824,0.628645317
291,292,438,1,1,1,0.52878731,0.470588235,0.496643557
547,548,439,1,1,1,0.444491815,0.294117647,0.928359194
292,293,440,4,0,0,0.681490236,0.294117647,0.66055904
568,569,441,2,1,0,0.500814064,0.647058824,0.794816771
548,549,442,3,0,1,0.459899193,0.117647059,0.979311104
293,294,443,2,1,0,0.615569483,0.558823529,0.749862441
407,408,444,1,1,1,0.347456876,0.161764706,0.955816001
554,555,445,4,0,0,0.585360364,0.073529412,0.947782546
294,295,446,2,1,0,0.57972823,0.647058824,0.593980412
570,571,447,3,0,1,0.419521311,0.294117647,0.835809398
555,556,448,1,1,1,0.351906942,0.117647059,0.940519423
298,299,449,2,1,0,0.51124101,0.205882353,0.87537141
571,572,450,2,1,0,0.462356214,0.382352941,0.686145042
558,559,451,1,1,1,0.563552779,0.294117647,0.818311874
301,302,452,4,0,0,0.376750539,0.470588235,0.804445912
560,561,453,2,1,0,0.585075988,0.294117647,0.850665786
302,303,454,2,1,0,0.485380793,0.294117647,0.939804116
422,423,455,2,1,0,0.565027654,0.117647059,0.961043249
572,573,456,3,0,1,0.459025739,0.294117647,0.714812369
561,562,457,1,1,1,0.529824555,0.294117647,0.928689336
314,315,458,1,1,1,0.382614059,0.0,0.931550567
563,564,459,2,1,0,0.521424377,0.470588235,0.332067789
315,316,460,1,1,1,0.620139382,0.470588235,0.862660944
573,574,461,3,0,1,0.466264475,0.161764706,0.969406845
317,318,462,4,0,0,0.54762151,0.294117647,0.77434797
564,565,463,2,1,0,0.450902712,0.294117647,0.754484428
429,430,464,4,0,0,0.509301106,0.205882353,0.948277759
575,576,465,3,0,1,0.577757766,0.161764706,0.86034995
567,568,466,1,1,1,0.558019702,0.294117647,0.871904919
318,319,467,1,1,1,0.435875607,0.117647059,0.975184329
319,320,468,3,0,1,0.669780358,0.161764706,0.813304721
569,570,469,3,0,1,0.456861676,0.647058824,0.64190602
577,578,470,3,0,1,0.487164583,0.294117647,0.907725322
323,324,471,1,1,1,0.38573588,0.205882353,0.867448003
574,575,472,1,1,1,0.586558089,0.073529412,0.954220315
582,583,473,3,0,1,0.374123253,0.073529412,0.937383075
324,325,474,4,0,0,0.495455618,0.205882353,0.957191592
576,577,475,3,0,1,0.428561299,0.117647059,0.852536591
441,442,476,3,0,1,0.488483345,0.117647059,0.924617586
331,332,477,3,0,1,0.440385891,0.205882353,0.911191812
578,579,478,1,1,1,0.526358591,0.470588235,0.858589193
583,584,479,1,1,1,0.32151958,0.470588235,0.882579509
335,336,480,2,1,0,0.554784672,0.029411765,0.827555849
580,581,481,1,1,1,0.619199991,0.205882353,0.95565093
336,337,482,3,0,1,0.463039531,0.132352941,0.898151205
590,591,483,4,0,0,0.601901184,0.117647059,0.992571806
581,582,484,2,1,0,0.480838895,0.117647059,0.841862001
338,339,485,1,1,1,0.479717195,0.294117647,0.784362276
446,447,486,3,0,1,0.48985871,0.470588235,0.912402333
585,586,487,3,0,1,0.578129307,0.205882353,0.901562672
342,343,488,1,1,1,0.47308786,0.205882353,0.836964895
592,593,489,4,0,0,0.567862088,0.25,0.927258721
591,592,490,4,0,0,0.548791083,0.294117647,0.905634423
343,344,491,1,1,1,0.530304789,0.205882353,0.769505888
593,594,492,3,0,1,0.502322962,0.294117647,0.864201607
595,596,493,3,0,1,0.347337796,0.029411765,0.962528887
345,346,494,4,0,0,0.366556484,0.161764706,0.933476395
462,463,495,3,0,1,0.32689549,0.117647059,0.847749532
594,595,496,2,1,0,0.578260731,0.294117647,0.939033785
346,347,497,1,1,1,0.483270323,0.132352941,0.965225047
597,598,498,2,1,0,0.641770831,0.294117647,0.780400572
605,606,499,1,1,1,0.493444958,0.294117647,0.858149004
351,352,500,3,0,1,0.471538165,0.073529412,0.960988225
608,609,501,1,1,1,0.298936696,0.205882353,0.900902388
353,354,502,1,1,1,0.379592801,0.117647059,0.672664246
598,599,503,1,1,1,0.539587152,0.205882353,0.861065258
611,612,504,4,0,0,0.634188255,0.088235294,0.945526576
355,356,505,1,1,1,0.346849131,0.294117647,0.945196434
466,467,506,3,0,1,0.342621267,0.294117647,0.922471663
613,614,507,3,0,1,0.578237698,0.294117647,0.813909981
601,602,508,3,0,1,0.332422997,0.073529412,0.963244195
356,357,509,2,1,0,0.651747502,0.117647059,0.885495763
358,359,510,1,1,1,0.388596207,0.117647059,0.971057555
614,615,511,3,0,1,0.394447533,0.205882353,0.914273137
602,603,512,3,0,1,0.5268456,0.294117647,0.912677451
363,364,513,1,1,1,0.455069004,0.029411765,0.916584131
617,618,514,2,1,0,0.575051294,0.029411765,0.81148894
626,627,515,2,1,0,0.420478316,0.029411765,0.89732585
365,366,516,2,1,0,0.582305083,0.117647059,0.928909431
603,604,517,3,0,1,0.451175798,0.470588235,0.829481677
468,469,518,3,0,1,0.534227803,0.426470588,0.861670518
366,367,519,1,1,1,0.451063041,0.205882353,0.801914823
627,628,520,1,1,1,0.528660402,0.073529412,0.934686915
604,605,521,3,0,1,0.33150438,0.088235294,0.943600748
369,370,522,4,0,0,0.583785227,0.205882353,0.848629911
630,631,523,3,0,1,0.546943311,0.294117647,0.812369319
372,373,524,3,0,1,0.508634499,0.088235294,0.89567514
606,607,525,2,1,0,0.43730291,0.294117647,0.764718829
635,636,526,2,1,0,0.66134977,0.117647059,0.937107956
374,375,527,4,0,0,0.663366,0.823529412,0.20039617
487,488,528,4,0,0,0.576958078,0.294117647,0.807032024
638,639,529,3,0,1,0.381256307,0.117647059,0.93160559
375,376,530,4,0,0,0.61791465,0.647058824,0.590899087
612,613,531,3,0,1,0.340286788,0.25,0.829041488
639,640,532,1,1,1,0.557914924,0.558823529,0.77330252
377,378,533,2,1,0,0.591253993,0.044117647,0.967205899
618,619,534,3,0,1,0.565601074,0.382352941,0.8244195
641,642,535,2,1,0,0.600660404,0.161764706,0.941784968
384,385,536,1,1,1,0.487326719,0.382352941,0.778694839
488,489,537,2,1,0,0.384304061,0.088235294,0.935732365
642,643,538,2,1,0,0.411686122,0.161764706,0.759381534
386,387,539,3,0,1,0.354917512,0.205882353,0.951799274
619,620,540,2,1,0,0.36673262,0.117647059,0.978540773
644,645,541,1,1,1,0.463477914,0.205882353,0.910311434
387,388,542,2,1,0,0.407236055,0.205882353,0.608011445
645,646,543,1,1,1,0.473535878,0.470588235,0.574667107
392,393,544,2,1,0,0.653749881,0.470588235,0.834984043
620,621,545,1,1,1,0.585328901,0.25,0.812809508
646,647,546,1,1,1,0.507398838,0.382352941,0.76158248
393,394,547,3,0,1,0.592648628,0.029411765,0.906074612
497,498,548,2,1,0,0.552681128,0.294117647,0.926543414
624,625,549,2,1,0,0.525874744,0.205882353,0.870694399
647,648,550,3,0,1,0.444367165,0.117647059,0.937493122
395,396,551,1,1,1,0.505063607,0.514705882,0.366677671
650,651,552,2,1,0,0.441759601,0.647058824,0.602399032
396,397,553,4,0,0,0.424412771,0.117647059,0.871904919
625,626,554,2,1,0,0.477512334,0.161764706,0.904864092
397,398,555,2,1,0,0.515686561,0.470588235,0.884560361
651,652,556,2,1,0,0.353608837,0.117647059,0.90800044
521,522,557,3,0,1,0.442315558,0.205882353,0.838230439
655,656,558,1,1,1,0.454363858,0.147058824,0.795146913
631,632,559,2,1,0,0.443569586,0.205882353,0.928304171
399,400,560,4,0,0,0.39059678,0.294117647,0.930340046
401,402,561,1,1,1,0.533173697,0.205882353,0.909926268
660,661,562,1,1,1,0.507293759,0.117647059,0.942390228
634,635,563,3,0,1,0.469764311,0.294117647,0.939198856
402,403,564,1,1,1,0.402858099,0.294117647,0.537911302
662,663,565,2,1,0,0.537757747,0.25,0.890447893
666,667,566,1,1,1,0.409999282,0.382352941,0.821393199
404,405,567,2,1,0,0.569325521,0.205882353,0.854242324
523,524,568,3,0,1,0.564207945,0.294117647,0.821833388
643,644,569,1,1,1,0.503446468,0.294117647,0.91190712
405,406,570,1,1,1,0.408498664,0.294117647,0.901562672
667,668,571,3,0,1,0.504601739,0.647058824,0.815175525
406,407,572,2,1,0,0.592927736,0.294117647,0.892868934
653,654,573,2,1,0,0.790280217,0.470588235,0.568834599
668,669,574,2,1,0,0.610528382,0.117647059,0.747276329
408,409,575,1,1,1,0.543542082,0.294117647,0.835754374
669,670,576,2,1,0,0.600949297,0.382352941,0.847749532
654,655,577,2,1,0,0.544890801,0.294117647,0.884670408
409,410,578,1,1,1,0.526462466,0.117647059,0.962088698
533,534,579,1,1,1,0.508974427,0.294117647,0.941619897
675,676,580,3,0,1,0.562204963,0.382352941,0.764498734
411,412,581,2,1,0,0.527033779,0.426470588,0.614669308
676,677,582,1,1,1,0.562697993,0.294117647,0.730384065
656,657,583,2,1,0,0.550240365,0.117647059,0.964894905
415,416,584,2,1,0,0.60394963,0.470588235,0.692307692
680,681,585,4,0,0,0.410891403,0.029411765,0.929129526
418,419,586,3,0,1,0.555475366,0.25,0.860680092
661,662,587,1,1,1,0.387326824,0.117647059,0.964234621
536,537,588,4,0,0,0.342802822,0.029411765,0.938153406
681,682,589,2,1,0,0.466233312,0.117647059,0.888356994
420,421,590,3,0,1,0.527171828,0.161764706,0.838450534
671,672,591,1,1,1,0.558461698,0.470588235,0.697810058
682,683,592,1,1,1,0.482641051,0.161764706,0.932430945
423,424,593,1,1,1,0.567667585,0.25,0.926213272
684,685,594,1,1,1,0.570600173,0.470588235,0.471387697
424,425,595,3,0,1,0.554312116,0.117647059,0.861780566
691,692,596,3,0,1,0.385566519,0.161764706,0.868988665
677,678,597,1,1,1,0.565438487,1.0,0.705898536
428,429,598,1,1,1,0.653960793,0.073529412,0.941509849
562,563,599,3,0,1,0.342124624,0.029411765,0.976174755
692,693,600,1,1,1,0.368717837,0.294117647,0.854407395
685,686,601,1,1,1,0.554073655,0.823529412,0.654616485
430,431,602,2,1,0,0.551393529,0.014705882,0.824034335
693,694,603,2,1,0,0.448125786,0.029411765,0.754264334
432,433,604,2,1,0,0.4772397,0.029411765,0.910751623
686,687,605,1,1,1,0.470302203,0.088235294,0.939639045
696,697,606,1,1,1,0.524783605,0.117647059,0.953064818
433,434,607,1,1,1,0.45481579,0.294117647,0.900517222
697,698,608,4,0,0,0.340549035,0.117647059,0.962804006
434,435,609,1,1,1,0.397473759,0.073529412,0.896225377
579,580,610,1,1,1,0.443035608,0.294117647,0.962198745
689,690,611,1,1,1,0.498699831,0.117647059,0.812864532
699,700,612,2,1,0,0.594548939,0.161764706,0.908935842
435,436,613,1,1,1,0.396852315,0.117647059,0.932100803
700,701,614,3,0,1,0.454811424,0.117647059,0.951964345
436,437,615,1,1,1,0.5516624,0.029411765,0.977440299
695,696,616,2,1,0,0.522510097,0.029411765,0.945746671
437,438,617,4,0,0,0.648754997,0.294117647,0.942940464
702,703,618,4,0,0,0.508298787,0.294117647,0.937988335
607,608,619,4,0,0,0.527883898,0.470588235,0.866787719
703,704,620,2,1,0,0.559699467,0.382352941,0.876031694
706,707,621,1,1,1,0.505400222,0.647058824,0.652800704
439,440,622,3,0,1,0.250770896,0.117647059,0.980246506
442,443,623,1,1,1,0.546553705,0.235294118,0.869098712
710,711,624,1,1,1,0.615819235,0.205882353,0.979146033
705,706,625,4,0,0,0.629316215,0.161764706,0.720809948
451,452,626,3,0,1,0.359317598,0.029411765,0.985253659
713,714,627,1,1,1,0.492961563,0.073529412,0.95113899
714,715,628,1,1,1,0.454040641,0.823529412,0.241939034
458,459,629,3,0,1,0.283589686,0.029411765,0.9948828
707,708,630,3,0,1,0.412658182,0.117647059,0.850390668
467,468,631,1,1,1,0.637994447,0.647058824,0.615494663
628,629,632,2,1,0,0.576776523,0.558823529,0.791350281
717,718,633,1,1,1,0.420805146,0.205882353,0.930945306
708,709,634,3,0,1,0.562032892,0.073529412,0.947397381
469,470,635,2,1,0,0.528759911,0.294117647,0.756300209
719,720,636,1,1,1,0.619056974,0.235294118,0.675470452
471,472,637,3,0,1,0.422049689,0.029411765,0.989105315
720,721,638,1,1,1,0.397901152,0.073529412,0.940189281
709,710,639,2,1,0,0.405409962,0.073529412,0.897215803
476,477,640,1,1,1,0.537136003,0.514705882,0.872400132
711,712,641,4,0,0,0.553906853,0.029411765,0.94783757
722,723,642,3,0,1,0.360713287,0.117647059,0.94618686
483,484,643,3,0,1,0.518951549,0.161764706,0.960933201
712,713,644,2,1,0,0.605119504,0.25,0.877517332
725,726,645,4,0,0,0.462836297,0.029411765,1.0
489,490,646,1,1,1,0.452637726,0.029411765,0.820182679
726,727,647,2,1,0,0.476547501,0.161764706,0.941344778
491,492,648,4,0,0,0.670258184,0.338235294,0.55606911
729,730,649,2,1,0,0.617870089,0.294117647,0.943600748
657,658,650,2,1,0,0.483416351,0.647058824,0.451304061
493,494,651,2,1,0,0.56240353,0.029411765,0.993507208
731,732,652,1,1,1,0.540813932,0.294117647,0.904423902
716,717,653,2,1,0,0.584831204,0.382352941,0.844448113
494,495,654,2,1,0,0.429080825,0.117647059,0.896995708
664,665,655,4,0,0,0.501189068,0.029411765,0.956146143
732,733,656,4,0,0,0.4010719,0.058823529,0.971937933
498,499,657,1,1,1,0.469405114,0.205882353,0.942170133
723,724,658,4,0,0,0.403500769,0.073529412,0.970287224
735,736,659,3,0,1,0.359342588,0.470588235,0.794211511
499,500,660,1,1,1,0.661154365,0.029411765,0.940959613
733,734,661,3,0,1,0.557763778,0.294117647,0.870529328
501,502,662,2,1,0,0.654033957,0.470588235,0.71151095
736,737,663,3,0,1,0.566846521,0.294117647,0.377682403
739,740,664,3,0,1,0.518252575,0.382352941,0.778254649
502,503,665,2,1,0,0.624867352,0.073529412,0.951799274
737,738,666,2,1,0,0.468893266,0.205882353,0.772752283
740,741,667,1,1,1,0.560609653,0.294117647,0.885825905
503,504,668,2,1,0,0.509946938,0.294117647,0.946847144
755,756,669,3,0,1,0.555752216,0.294117647,0.943050512
672,673,670,2,1,0,0.693068539,0.823529412,0.443380654
504,505,671,3,0,1,0.463527443,0.294117647,0.947342357
759,760,672,2,1,0,0.57551286,0.117647059,0.975734566
678,679,673,2,1,0,0.56775761,0.294117647,0.882579509
505,506,674,1,1,1,0.447435393,0.088235294,0.941729944
760,761,675,4,0,0,0.632172327,0.161764706,0.736161549
742,743,676,2,1,0,0.528349981,0.25,0.839881149
507,508,677,1,1,1,0.35788066,0.161764706,0.636843843
761,762,678,3,0,1,0.530747537,0.205882353,0.896885661
516,517,679,2,1,0,0.451463035,0.029411765,0.938868714
764,765,680,1,1,1,0.543693077,0.294117647,0.87823264
745,746,681,1,1,1,0.342120559,0.132352941,0.914878398
517,518,682,3,0,1,0.544283508,0.470588235,0.621602289
746,747,683,3,0,1,0.472066272,0.161764706,0.875591504
767,768,684,3,0,1,0.500905595,0.088235294,0.854132277
518,519,685,2,1,0,0.491840164,0.029411765,0.947562452
748,749,686,1,1,1,0.506975209,0.25,0.724991746
769,770,687,2,1,0,0.650915749,0.117647059,0.922691757
522,523,688,2,1,0,0.592701017,0.647058824,0.622042478
772,773,689,2,1,0,0.689963428,0.25,0.833553428
690,691,690,1,1,1,0.549805746,0.161764706,0.960107846
524,525,691,3,0,1,0.471329662,0.205882353,0.952514581
773,774,692,2,1,0,0.639173203,0.294117647,0.891438318
526,527,693,3,0,1,0.435576628,0.161764706,0.929459668
779,780,694,4,0,0,0.435333951,0.205882353,0.800704303
753,754,695,3,0,1,0.479733454,0.382352941,0.696214372
527,528,696,2,1,0,0.44453743,0.0,0.931055354
715,716,697,2,1,0,0.693609141,0.382352941,0.595796192
780,781,698,1,1,1,0.574951333,0.514705882,0.742324199
535,536,699,1,1,1,0.366416629,0.25,0.886156047
756,757,700,2,1,0,0.459849664,0.029411765,0.94228018
781,782,701,2,1,0,0.595558635,0.294117647,0.907010014
537,538,702,4,0,0,0.593034321,0.205882353,0.815010454
758,759,703,1,1,1,0.477127244,0.294117647,0.937107956
782,783,704,1,1,1,0.420865664,0.117647059,0.936172554
545,546,705,2,1,0,0.36921433,0.294117647,0.940409376
724,725,706,3,0,1,0.488790152,0.338235294,0.872345108
785,786,707,2,1,0,0.369830203,0.205882353,0.906954991
546,547,708,4,0,0,0.501695948,0.294117647,0.902498074
765,766,709,2,1,0,0.578514849,0.117647059,0.950203588
550,551,710,3,0,1,0.572390588,0.117647059,0.95895235
789,790,711,1,1,1,0.458257817,0.529411765,0.683724001
790,791,712,4,0,0,0.657064398,0.25,0.948387807
551,552,713,2,1,0,0.587015741,0.029411765,0.91746451
766,767,714,1,1,1,0.49924254,0.382352941,0.842742379
771,772,715,3,0,1,0.480417674,0.470588235,0.569990096
553,554,716,1,1,1,0.283094097,0.117647059,0.903983713
791,792,717,2,1,0,0.605055974,0.294117647,0.666391548
792,793,718,1,1,1,0.507159775,0.029411765,0.946572026
556,557,719,3,0,1,0.467155542,0.205882353,0.888412017
776,777,720,2,1,0,0.612062421,0.470588235,0.819247276
727,728,721,3,0,1,0.533224882,0.205882353,0.910201387
557,558,722,3,0,1,0.60250652,0.25,0.738472543
793,794,723,2,1,0,0.616820801,0.294117647,0.85462749
559,560,724,1,1,1,0.431978788,0.205882353,0.907670298
728,729,725,4,0,0,0.568889848,0.647058824,0.660724111
794,795,726,1,1,1,0.537561138,0.294117647,0.845273468
565,566,727,3,0,1,0.537504834,0.294117647,0.928304171
784,785,728,2,1,0,0.468494325,0.235294118,0.657862881
795,796,729,3,0,1,0.473304041,0.073529412,0.887146473
566,567,730,2,1,0,0.537533739,0.117647059,0.938263453
810,811,731,1,1,1,0.360807377,0.058823529,0.963849455
798,799,732,2,1,0,0.654590065,0.294117647,0.974303951
584,585,733,4,0,0,0.584006978,0.117647059,0.896390448
734,735,734,4,0,0,0.433074594,0.0,0.827775944
801,802,735,4,0,0,0.634890691,0.205882353,0.914988445
586,587,736,2,1,0,0.468206034,0.073529412,0.85974469
813,814,737,2,1,0,0.587833343,0.647058824,0.845878728
802,803,738,3,0,1,0.700277015,0.235294118,0.778694839
587,588,739,1,1,1,0.313577205,0.117647059,0.942830417
806,807,740,1,1,1,0.381836351,0.029411765,0.981291956
588,589,741,2,1,0,0.42375339,0.205882353,0.946792121
817,818,742,3,0,1,0.550262495,0.029411765,0.928249147
808,809,743,2,1,0,0.406845546,0.558823529,0.502971278
589,590,744,2,1,0,0.590602139,0.117647059,0.890172774
829,830,745,2,1,0,0.519665426,0.647058824,0.646142841
809,810,746,3,0,1,0.355538956,0.161764706,0.915923847
596,597,747,3,0,1,0.600656641,0.294117647,0.934411797
831,832,748,3,0,1,0.400507813,0.205882353,0.946847144
811,812,749,1,1,1,0.475944725,0.029411765,0.987124464
599,600,750,1,1,1,0.482849705,0.294117647,0.801199516
816,817,751,2,1,0,0.552473679,0.029411765,0.940134258
751,752,752,3,0,1,0.426220498,0.205882353,0.960052823
600,601,753,4,0,0,0.359018318,0.044117647,0.88560581
832,833,754,1,1,1,0.66044109,0.602941176,0.363596346
609,610,755,2,1,0,0.577486486,0.161764706,0.942225157
818,819,756,2,1,0,0.338635778,0.470588235,0.141245736
757,758,757,2,1,0,0.562279482,0.161764706,0.943820843
610,611,758,3,0,1,0.342442873,0.117647059,0.972983383
819,820,759,1,1,1,0.445698873,0.205882353,0.939749092
835,836,760,2,1,0,0.524998581,0.117647059,0.954220315
615,616,761,2,1,0,0.455374758,0.647058824,0.342247166
820,821,762,1,1,1,0.462788575,0.117647059,0.953174865
763,764,763,1,1,1,0.500661564,0.25,0.316055904
616,617,764,1,1,1,0.519398512,0.823529412,0.509904259
821,822,765,1,1,1,0.350161541,0.117647059,0.847804556
836,837,766,3,0,1,0.387470142,0.117647059,0.965004952
621,622,767,1,1,1,0.474812788,0.205882353,0.929569715
822,823,768,2,1,0,0.589479687,0.470588235,0.864531749
837,838,769,3,0,1,0.438267292,0.0,0.980686695
622,623,770,2,1,0,0.454967839,0.647058824,0.798393309
823,824,771,2,1,0,0.587415284,0.058823529,0.973533619
623,624,772,3,0,1,0.284496561,0.117647059,0.911521954
825,826,773,1,1,1,0.590810793,0.25,0.925608011
770,771,774,3,0,1,0.648647509,0.294117647,0.859029383
846,847,775,2,1,0,0.545294258,0.205882353,0.641740949
629,630,776,2,1,0,0.604918076,0.073529412,0.802905249
826,827,777,3,0,1,0.744449197,0.205882353,0.795532079
632,633,778,1,1,1,0.296942596,0.161764706,0.93430175
853,854,779,1,1,1,0.560984958,0.205882353,0.934411797
827,828,780,2,1,0,0.47884615,0.205882353,0.78458237
633,634,781,3,0,1,0.430078477,0.073529412,0.904809068
856,857,782,4,0,0,0.474939545,0.088235294,0.964564763
828,829,783,2,1,0,0.593932765,0.470588235,0.555133707
636,637,784,3,0,1,0.415285769,0.294117647,0.938043359
775,776,785,3,0,1,0.508360209,0.294117647,0.938318477
830,831,786,2,1,0,0.451570673,0.294117647,0.883074722
637,638,787,1,1,1,0.615689918,0.823529412,0.152470562
861,862,788,1,1,1,0.390751991,0.205882353,0.894409596
833,834,789,4,0,0,0.625389136,0.294117647,0.734015627
640,641,790,3,0,1,0.219231725,0.205882353,0.97248817
840,841,791,1,1,1,0.455697975,0.470588235,0.728788379
648,649,792,2,1,0,0.51270068,0.294117647,0.961648509
864,865,793,1,1,1,0.40720414,0.088235294,0.892153626
777,778,794,3,0,1,0.377034464,0.205882353,0.820677891
845,846,795,2,1,0,0.535500498,0.25,0.794981842
649,650,796,2,1,0,0.459305449,0.117647059,0.976119731
847,848,797,1,1,1,0.370074235,0.294117647,0.945031363
652,653,798,2,1,0,0.452307734,0.294117647,0.887036426
871,872,799,2,1,0,0.691957378,0.029411765,0.939859139
848,849,800,2,1,0,0.544911576,0.073529412,0.938703643
658,659,801,3,0,1,0.46459299,0.382352941,0.781501045
873,874,802,3,0,1,0.302777664,0.161764706,0.965665236
850,851,803,1,1,1,0.442059935,0.235294118,0.890778035
659,660,804,2,1,0,0.456365786,0.205882353,0.663750413
778,779,805,2,1,0,0.566530982,0.470588235,0.699515792
851,852,806,2,1,0,0.605048297,0.294117647,0.791350281
663,664,807,2,1,0,0.29960797,0.029411765,0.955981072
879,880,808,2,1,0,0.578320497,0.382352941,0.642786398
852,853,809,2,1,0,0.529224338,0.161764706,0.932816111
665,666,810,1,1,1,0.341479846,0.294117647,0.666336525
854,855,811,2,1,0,0.55242701,0.470588235,0.415373611
670,671,812,1,1,1,0.487776242,0.294117647,0.786012986
884,885,813,2,1,0,0.511871486,0.294117647,0.790524926
857,858,814,1,1,1,0.370525865,0.161764706,0.829811819
783,784,815,3,0,1,0.318214548,0.117647059,0.967756135
673,674,816,1,1,1,0.451854598,0.029411765,0.899306702
885,886,817,4,0,0,0.434913333,0.117647059,0.970012105
858,859,818,3,0,1,0.39522765,0.161764706,0.795917244
674,675,819,2,1,0,0.324985092,0.25,0.871794872
679,680,820,3,0,1,0.33606615,0.205882353,0.933806537
859,860,821,1,1,1,0.444737804,0.073529412,0.816936283
891,892,822,2,1,0,0.618582762,0.161764706,0.913117641
683,684,823,2,1,0,0.501163626,0.294117647,0.732970177
865,866,824,3,0,1,0.537050494,0.161764706,0.891548366
788,789,825,2,1,0,0.617366973,0.647058824,0.671288654
904,905,826,2,1,0,0.486056432,0.294117647,0.943435677
866,867,827,3,0,1,0.295476604,0.205882353,0.882304391
687,688,828,1,1,1,0.572440267,0.470588235,0.8562782
688,689,829,2,1,0,0.577204066,0.073529412,0.862275779
868,869,830,2,1,0,0.556900562,0.470588235,0.606085617
905,906,831,1,1,1,0.470479091,0.117647059,0.952844723
694,695,832,1,1,1,0.452502237,0.294117647,0.888081875
869,870,833,3,0,1,0.575912102,0.117647059,0.977880489
698,699,834,1,1,1,0.441041057,0.205882353,0.914713327
870,871,835,4,0,0,0.631666199,0.470588235,0.591284252
906,907,836,1,1,1,0.467913528,0.25,0.806701882
701,702,837,2,1,0,0.662783246,0.647058824,0.665401122
807,808,838,2,1,0,0.712601111,0.117647059,0.962583911
872,873,839,1,1,1,0.461735975,0.294117647,0.937713217
704,705,840,3,0,1,0.318677469,0.338235294,0.874656102
913,914,841,1,1,1,0.557923053,0.102941176,0.895895235
874,875,842,1,1,1,0.398549092,0.117647059,0.816220975
718,719,843,1,1,1,0.474665255,0.294117647,0.840541433
914,915,844,1,1,1,0.397012795,0.294117647,0.839826125
875,876,845,4,0,0,0.519805733,0.102941176,0.941014636
721,722,846,3,0,1,0.329179988,0.029411765,0.98993067
812,813,847,1,1,1,0.549678386,0.470588235,0.483933091
877,878,848,1,1,1,0.518424947,0.470588235,0.815945857
730,731,849,1,1,1,0.410336198,0.294117647,0.661439419
915,916,850,3,0,1,0.422708618,0.647058824,0.0
878,879,851,1,1,1,0.381527135,0.073529412,0.93551227
738,739,852,2,1,0,0.566726086,0.029411765,0.641740949
881,882,853,2,1,0,0.489442307,0.294117647,0.50330142
741,742,854,1,1,1,0.45010724,0.088235294,0.956091119
918,919,855,1,1,1,0.358711209,0.294117647,0.883955101
815,816,856,4,0,0,0.44813798,0.470588235,0.604820073
882,883,857,2,1,0,0.656019024,0.382352941,0.893749312
743,744,858,1,1,1,0.49697671,0.294117647,0.877132167
883,884,859,4,0,0,0.401715775,0.205882353,0.953339936
926,927,860,3,0,1,0.448729014,0.205882353,0.956036096
744,745,861,1,1,1,0.534563966,0.514705882,0.233575437
747,748,862,4,0,0,0.298226883,0.117647059,0.943655772
886,887,863,1,1,1,0.539987297,0.294117647,0.858314075
928,929,864,2,1,0,0.612721801,0.382352941,0.911026741
749,750,865,1,1,1,0.482267402,0.161764706,0.847089248
887,888,866,1,1,1,0.396617166,0.647058824,0.151425113
842,843,867,3,0,1,0.439577171,0.205882353,0.906844943
931,932,868,3,0,1,0.324724803,0.073529412,0.921866403
888,889,869,1,1,1,0.650310263,0.470588235,0.649829427
750,751,870,4,0,0,0.484269932,0.029411765,0.990205788
752,753,871,3,0,1,0.566225378,0.117647059,0.967481017
889,890,872,2,1,0,0.48425277,0.352941176,0.583250798
932,933,873,1,1,1,0.406809867,0.073529412,0.946406955
754,755,874,2,1,0,0.613179755,0.117647059,0.928194123
893,894,875,1,1,1,0.57337183,0.470588235,0.694618686
894,895,876,1,1,1,0.494012206,0.205882353,0.949433256
762,763,877,1,1,1,0.397131273,0.117647059,0.891933531
933,934,878,2,1,0,0.623754535,0.117647059,0.985033564
768,769,879,1,1,1,0.731606027,0.117647059,0.814735336
862,863,880,4,0,0,0.450915508,0.294117647,0.879553208
895,896,881,1,1,1,0.471388675,0.470588235,0.521459227
774,775,882,2,1,0,0.489916519,0.117647059,0.932320898
934,935,883,3,0,1,0.334693494,0.117647059,0.931330472
896,897,884,3,0,1,0.464253815,0.25,0.870364257
786,787,885,2,1,0,0.613570265,0.264705882,0.866567624
899,900,886,2,1,0,0.478968994,0.205882353,0.785242654
880,881,887,2,1,0,0.496667042,0.294117647,0.583801034
940,941,888,2,1,0,0.445705648,0.117647059,0.819687466
787,788,889,2,1,0,0.652919935,0.647058824,0.862385826
901,902,890,2,1,0,0.537790867,0.235294118,0.821998459
796,797,891,2,1,0,0.615135917,0.205882353,0.600473203
943,944,892,2,1,0,0.491540432,0.0,0.933696489
902,903,893,2,1,0,0.649524576,0.470588235,0.437273027
797,798,894,3,0,1,0.515444938,0.117647059,0.944536151
903,904,895,2,1,0,0.390559596,0.161764706,0.937493122
799,800,896,2,1,0,0.279451847,0.073529412,0.928524265
945,946,897,3,0,1,0.455986416,0.647058824,0.553868163
909,910,898,3,0,1,0.425392508,0.073529412,0.837955321
800,801,899,2,1,0,0.64558154,0.294117647,0.92588313
898,899,900,3,0,1,0.591672353,0.161764706,0.893474194
947,948,901,2,1,0,0.390528433,0.117647059,0.856443271
911,912,902,3,0,1,0.466160901,0.294117647,0.75316386
803,804,903,2,1,0,0.619106955,0.117647059,0.960052823
912,913,904,3,0,1,0.663230962,0.382352941,0.849180147
804,805,905,3,0,1,0.273537895,0.117647059,0.602619126
948,949,906,2,1,0,0.280983627,0.205882353,0.929404644
916,917,907,1,1,1,0.454936526,0.088235294,0.857048531
805,806,908,1,1,1,0.42931221,0.470588235,0.503631562
907,908,909,1,1,1,0.486229708,0.470588235,0.809563112
949,950,910,1,1,1,0.686877437,0.294117647,0.814515242
920,921,911,3,0,1,0.440867028,0.205882353,0.913777925
814,815,912,2,1,0,0.594328694,0.647058824,0.797457907
824,825,913,2,1,0,0.428523814,0.205882353,0.80576648
921,922,914,2,1,0,0.387780111,0.647058824,0.312259271
950,951,915,2,1,0,0.407213022,0.205882353,0.816220975
834,835,916,3,0,1,0.419686306,0.161764706,0.885715858
922,923,917,3,0,1,0.451867846,0.073529412,0.938593595
908,909,918,4,0,0,0.43772383,0.161764706,0.81600088
838,839,919,2,1,0,0.631659274,0.294117647,0.851050952
923,924,920,1,1,1,0.54658833,0.117647059,0.903598547
954,955,921,3,0,1,0.470184779,0.117647059,0.909596126
839,840,922,2,1,0,0.588689634,0.294117647,0.870089138
925,926,923,2,1,0,0.389404927,0.117647059,0.975404424
841,842,924,1,1,1,0.444788236,0.25,0.8490701
955,956,925,4,0,0,0.672584081,0.294117647,0.946021789
927,928,926,2,1,0,0.622183462,0.647058824,0.447177286
843,844,927,2,1,0,0.552947289,0.294117647,0.927974029
910,911,928,3,0,1,0.556143027,0.470588235,0.768680533
935,936,929,1,1,1,0.49591041,0.382352941,0.908165511
958,959,930,2,1,0,0.407058414,0.352941176,0.793331132
844,845,931,2,1,0,0.656994847,0.205882353,0.82546495
936,937,932,3,0,1,0.388457557,0.073529412,0.972763288
849,850,933,2,1,0,0.552072781,0.117647059,0.97474414
962,963,934,1,1,1,0.399353145,0.161764706,0.818091779
937,938,935,1,1,1,0.382261185,0.029411765,0.900242104
855,856,936,1,1,1,0.414282546,0.294117647,0.93265104
963,964,937,2,1,0,0.575376468,0.294117647,0.881864202
938,939,938,2,1,0,0.556520289,0.823529412,0.66776714
860,861,939,1,1,1,0.416468137,0.294117647,0.694398591
930,931,940,1,1,1,0.295208787,0.294117647,0.917629581
941,942,941,1,1,1,0.38299373,0.088235294,0.928689336
863,864,942,1,1,1,0.367991465,0.338235294,0.764718829
944,945,943,4,0,0,0.292837575,0.161764706,0.912237262
964,965,944,1,1,1,0.290205322,0.029411765,0.988775173
867,868,945,2,1,0,0.61050279,0.117647059,0.830472103
951,952,946,1,1,1,0.548772415,0.470588235,0.895730164
876,877,947,2,1,0,0.493871448,0.205882353,0.907010014
965,966,948,3,0,1,0.38171968,0.382352941,0.919390338
939,940,949,2,1,0,0.584136747,0.294117647,0.637284032
956,957,950,2,1,0,0.617663694,0.382352941,0.812589413
890,891,951,2,1,0,0.761418313,0.338235294,0.879388137
959,960,952,1,1,1,0.584001107,0.294117647,0.844888302
892,893,953,2,1,0,0.490594718,0.117647059,0.894299549
968,969,954,1,1,1,0.606811764,0.558823529,0.619456366
897,898,955,4,0,0,0.457762228,0.117647059,0.926158248
960,961,956,1,1,1,0.563862297,0.029411765,0.918014746
969,970,957,2,1,0,0.469759794,0.102941176,0.797017718
900,901,958,2,1,0,0.628673996,0.176470588,0.869318807
966,967,959,1,1,1,0.435038435,0.338235294,0.875096291
946,947,960,1,1,1,0.441599874,0.294117647,0.829481677
917,918,961,2,1,0,0.529960044,0.029411765,0.194123473
971,972,962,2,1,0,0.516480678,0.294117647,0.606965995
970,971,963,1,1,1,0.389249265,0.161764706,0.930450094
919,920,964,2,1,0,0.511408264,0.294117647,0.829701772
973,974,965,2,1,0,0.639214452,0.823529412,0.612248267
974,975,966,3,0,1,0.41680686,0.382352941,0.857983933
924,925,967,2,1,0,0.328015684,0.294117647,0.635633322
972,973,968,3,0,1,0.510182388,0.294117647,0.948112688
979,980,969,1,1,1,0.453824009,0.161764706,0.944206009
929,930,970,2,1,0,0.406037428,0.117647059,0.939804116
976,977,971,4,0,0,0.48094292,0.029411765,0.972323099
942,943,972,1,1,1,0.466373318,0.294117647,0.962638935
977,978,973,2,1,0,0.527645739,0.205882353,0.880213492
978,979,974,2,1,0,0.612692747,0.294117647,0.874105866
952,953,975,3,0,1,0.464786589,0.294117647,0.787443601
985,986,976,3,0,1,0.483101715,0.161764706,0.93490701
980,981,977,2,1,0,0.468467679,0.382352941,0.552327501
953,954,978,3,0,1,0.32660735,0.470588235,0.409926268
986,987,979,1,1,1,0.429743066,0.558823529,0.667712116
982,983,980,3,0,1,0.461008699,0.25,0.852921756
957,958,981,2,1,0,0.694348159,0.073529412,0.950258611
981,982,982,1,1,1,0.406687776,0.647058824,0.747221305
983,984,983,1,1,1,0.439979123,0.470588235,0.560966215
961,962,984,2,1,0,0.629634464,0.25,0.884285243
984,985,985,1,1,1,0.540394216,0.294117647,0.902167932
987,988,986,4,0,0,0.446867693,0.132352941,0.936227578
967,968,987,4,0,0,0.484501619,0.161764706,0.817431496
988,989,988,1,1,1,0.292255424,0.294117647,0.651755255
975,976,989,4,0,0,0.470757296,0.294117647,0.944536151
992,993,990,1,1,1,0.617943404,0.205882353,0.907230109
993,994,991,1,1,1,0.398419624,0.470588235,0.795917244
989,990,992,2,1,0,0.527807874,0.294117647,0.917849675
995,996,993,3,0,1,0.526055547,0.117647059,0.918234841
994,995,994,2,1,0,0.511608637,0.117647059,0.882249367
990,991,995,2,1,0,0.352293388,0.117647059,0.817596567
996,997,996,2,1,0,0.522582809,0.382352941,0.801529658
998,999,997,1,1,1,0.56096343,0.602941176,0.912237262
991,992,998,1,1,1,0.55147693,0.161764706,0.927423792
997,998,999,2,1,0,0.574356084,0.117647059,0.969516892
999,1000,1000,1,1,1,0.470990789,0.602941176,0.761967646
